Model,RMSE,MAE,Accuracy,AUC,Training Time (s)
User+Item Bias,0.4167741256418608,0.31343412285572647,0.74976,0.7699352314710524,0.5
SVD (Matrix Factorization),0.6506078478762013,0.45664496021973855,0.53679,0.6254034306051913,0.2586519718170166
NMF,0.7206022282401914,0.5444533816805263,0.4521,0.5597086705840381,39.090861082077026
Global Baseline,0.4587062220051631,0.42109148255000006,0.69897,0.5,0.1
