Model,RMSE,MAE,Accuracy,AUC,Training Time (s)
User+Item Bias,0.4386700559627818,0.3347061648790101,0.72292,0.7408478879423486,0.5
SVD (Matrix Factorization),0.8028440676520603,0.6600218302852119,0.33264,0.5488648498275532,0.7902319431304932
NMF,0.8282330589876243,0.6859699999999991,0.31403,0.5147541568721474,149.09051203727722
Global Baseline,0.4641374307317285,0.43190801435000004,0.68597,0.5,0.1
